path	http_status	content_type	title	canonical	h1
/	200	text/html; charset=utf-8	1	1	1
/2024/10/	200	text/html; charset=utf-8	1	1	1
/2024/11/	200	text/html; charset=utf-8	1	1	1
/2024/12/	200	text/html; charset=utf-8	1	1	1
/2025/01/	200	text/html; charset=utf-8	1	1	1
/2025/02/	200	text/html; charset=utf-8	1	1	1
/2025/03/	200	text/html; charset=utf-8	1	1	1
/2025/04/	200	text/html; charset=utf-8	1	1	1
/2025/05/	200	text/html; charset=utf-8	1	1	1
/2025/06/	200	text/html; charset=utf-8	1	1	1
/2025/07/	200	text/html; charset=utf-8	1	1	1
/2025/08/	200	text/html; charset=utf-8	1	1	1
/2025/09/	200	text/html; charset=utf-8	1	1	1
/2025/10/	200	text/html; charset=utf-8	1	1	1
/2025/11/	200	text/html; charset=utf-8	1	1	1
/2026/01/	200	text/html; charset=utf-8	1	1	1
/2026/02/	200	text/html; charset=utf-8	1	1	1
/2026/03/	200	text/html; charset=utf-8	1	1	1
/2026/04/	200	text/html; charset=utf-8	1	1	1
/2026/05/	200	text/html; charset=utf-8	1	1	1
/2026/06/	200	text/html; charset=utf-8	1	1	1
/5-signs-its-time-to-hire-a-professional-cleaning-service-for-your-nyc-office/	200	text/html; charset=utf-8	1	1	1
/5-signs-your-nyc-office-needs-a-deep-cleaning-asap/	200	text/html; charset=utf-8	1	1	1
/about-us/	200	text/html; charset=utf-8	1	1	1
/behind-the-scenes-a-day-in-the-life-of-a-nyc-maintenance-staffer/	200	text/html; charset=utf-8	1	1	1
/benefits-of-full-service-janitorial-and-maintenance-staffing/	200	text/html; charset=utf-8	1	1	1
/best-practices-for-keeping-your-retail-store-clean-and-inviting/	200	text/html; charset=utf-8	1	1	1
/careers-and-opportunities/	200	text/html; charset=utf-8	1	1	1
/category/blog/	200	text/html; charset=utf-8	1	1	1
/category/cleaning-services/	200	text/html; charset=utf-8	1	1	1
/category/uncategorized/	200	text/html; charset=utf-8	1	1	1
/cleaning-challenges-unique-to-new-york-city-buildings-and-how-to-manage-them-effectively/	200	text/html; charset=utf-8	1	1	1
/cleaning-service-nyc/	200	text/html; charset=utf-8	1	1	1
/cleaning-strategies-for-nycs-24-7-workspaces/	200	text/html; charset=utf-8	1	1	1
/contact/	200	text/html; charset=utf-8	1	1	1
/daily-vs-weekly-cleaning-services-whats-best-for-your-commercial-property/	200	text/html; charset=utf-8	1	1	1
/deep-cleaning-101-what-it-includes-and-why-its-worth-the-investment/	200	text/html; charset=utf-8	1	1	1
/deep-cleaning-vs-regular-cleaning/	200	text/html; charset=utf-8	1	1	1
/disinfecting-high-traffic-areas-in-your-workplace-to-ensure-employee-health/	200	text/html; charset=utf-8	1	1	1
/disinfecting-vs-cleaning-what-nyc-businesses-often-get-wrong/	200	text/html; charset=utf-8	1	1	1
/doorman-services-elevating-the-residential-experience-in-nyc-high-rises/	200	text/html; charset=utf-8	1	1	1
/doormen-and-security-creating-a-safe-and-welcoming-nyc-building/	200	text/html; charset=utf-8	1	1	1
/eco-friendly-cleaning-in-nyc-products-and-practices-that-work-2/	200	text/html; charset=utf-8	1	1	1
/eco-friendly-cleaning-in-nyc-products-and-practices-that-work-3/	200	text/html; charset=utf-8	1	1	1
/eco-friendly-cleaning-in-nyc-products-and-practices-that-work-4/	200	text/html; charset=utf-8	1	1	1
/eco-friendly-cleaning-in-nyc-products-and-practices-that-work/	200	text/html; charset=utf-8	1	1	1
/emergency-cleaning-services-in-nyc-what-to-do-when-disaster-strikes/	200	text/html; charset=utf-8	1	1	1
/emergency-cleaning-services-what-nyc-businesses-need-to-know/	200	text/html; charset=utf-8	1	1	1
/essential-maintenance-tasks-for-nyc-property-managers/	200	text/html; charset=utf-8	1	1	1
/essential-spring-cleaning-checklist-for-nyc-commercial-properties/	200	text/html; charset=utf-8	1	1	1
/first-impressions-matter-keeping-your-nyc-storefront-sparkling/	200	text/html; charset=utf-8	1	1	1
/five-signs-your-nyc-office-needs-a-deep-cleaning-asap/	200	text/html; charset=utf-8	1	1	1
/from-trash-to-fresh-the-importance-of-regular-garbage-bin-cleaning-in-nyc-buildings/	200	text/html; charset=utf-8	1	1	1
/green-cleaning-solutions-for-new-york-city-commercial-spaces/	200	text/html; charset=utf-8	1	1	1
/hallway-and-common-area-cleaning-the-first-impression-of-your-building-matters/	200	text/html; charset=utf-8	1	1	1
/how-a-clean-workspace-improves-employee-productivity-and-morale/	200	text/html; charset=utf-8	1	1	1
/how-clean-workspaces-improve-employee-productivity-and-morale/	200	text/html; charset=utf-8	1	1	1
/how-commercial-cleaning-services-improve-indoor-air-quality/	200	text/html; charset=utf-8	1	1	1
/how-nycs-changing-weather-affects-building-maintenance-needs/	200	text/html; charset=utf-8	1	1	1
/how-often-should-nyc-apartment-buildings-be-deep-cleaned/	200	text/html; charset=utf-8	1	1	1
/how-often-should-your-office-be-professionally-cleaned-nyc-industry-standards-explained/	200	text/html; charset=utf-8	1	1	1
/how-professional-janitorial-services-improve-office-productivity-and-employee-health/	200	text/html; charset=utf-8	1	1	1
/how-proper-maintenance-prevents-common-nyc-building-code-violations/	200	text/html; charset=utf-8	1	1	1
/how-regular-office-cleaning-boosts-productivity-in-nyc-workspaces/	200	text/html; charset=utf-8	1	1	1
/how-routine-building-maintenance-can-save-your-business-money-in-the-long-run/	200	text/html; charset=utf-8	1	1	1
/how-routine-hvac-cleaning-enhances-air-quality/	200	text/html; charset=utf-8	1	1	1
/how-to-budget-for-commercial-cleaning-and-maintenance-services-in-nyc/	200	text/html; charset=utf-8	1	1	1
/how-to-choose-the-best-commercial-cleaning-service-for-your-nyc-business/	200	text/html; charset=utf-8	1	1	1
/how-to-choose-the-right-cleaning-service-for-your-nyc-business/	200	text/html; charset=utf-8	1	1	1
/how-to-choose-the-right-commercial-janitorial-company-in-nyc/	200	text/html; charset=utf-8	1	1	1
/how-to-keep-high-traffic-areas-spotless-in-nyc-office-buildings/	200	text/html; charset=utf-8	1	1	1
/how-to-keep-your-nyc-buildings-common-areas-immaculate/	200	text/html; charset=utf-8	1	1	1
/how-to-prevent-the-top-5-maintenance-issues-in-nyc-office-buildings/	200	text/html; charset=utf-8	1	1	1
/how-to-solve-the-top-cleaning-challenges-for-your-new-york-city-restaurant/	200	text/html; charset=utf-8	1	1	1
/how-to-vet-a-commercial-cleaning-company-in-nyc-questions-you-must-ask-2/	200	text/html; charset=utf-8	1	1	1
/how-to-vet-a-commercial-cleaning-company-in-nyc-questions-you-must-ask/	200	text/html; charset=utf-8	1	1	1
/managing-cleaning-and-maintenance-in-high-rise-buildings-nyc-best-practices/	200	text/html; charset=utf-8	1	1	1
/nyc-building-maintenance-management-tips-for-efficiency-and-compliance/	200	text/html; charset=utf-8	1	1	1
/nycs-hidden-grime-cleaning-tips-for-high-traffic-areas-in-your-business/	200	text/html; charset=utf-8	1	1	1
/porter-services-explained-more-than-just-sweeping-and-mopping/	200	text/html; charset=utf-8	1	1	1
/post-construction-cleaning-in-nyc-what-property-owners-need-to-know/	200	text/html; charset=utf-8	1	1	1
/post-construction-cleaning-in-nyc-what-to-expect-before-reopening-your-space/	200	text/html; charset=utf-8	1	1	1
/post-construction-cleaning-tips-for-nyc-commercial-spaces/	200	text/html; charset=utf-8	1	1	1
/prepare-your-office-for-winter/	200	text/html; charset=utf-8	1	1	1
/preventive-maintenance-for-nyc-commercial-buildings-save-money-before-problems-start/	200	text/html; charset=utf-8	1	1	1
/seasonal-cleaning-checklist-for-nyc-commercial-properties/	200	text/html; charset=utf-8	1	1	1
/service-guru-app-privacy-policy/	200	text/html; charset=utf-8	1	1	1
/services/apartment-cleaning-services-nyc/	200	text/html; charset=utf-8	1	1	1
/services/building-maintenance-management-nyc/	200	text/html; charset=utf-8	1	1	1
/services/building-maintenance-nyc/	200	text/html; charset=utf-8	1	1	1
/services/building-repair-and-maintenance-services-nyc/	200	text/html; charset=utf-8	1	1	1
/services/commercial-building-maintenance-nyc/	200	text/html; charset=utf-8	1	1	1
/services/commercial-cleaning-nyc/	200	text/html; charset=utf-8	1	1	1
/services/commercial-cleaning-services-prices-nyc/	200	text/html; charset=utf-8	1	1	1
/services/commercial-janitorial-cleaning-services-nyc/	200	text/html; charset=utf-8	1	1	1
/services/common-area-maintenance-services-nyc/	200	text/html; charset=utf-8	1	1	1
/services/deep-cleaning-services-nyc/	200	text/html; charset=utf-8	1	1	1
/services/doorman-nyc/	200	text/html; charset=utf-8	1	1	1
/services/doorman-services-nyc/	200	text/html; charset=utf-8	1	1	1
/services/garbage-bin-cleaning-nyc/	200	text/html; charset=utf-8	1	1	1
/services/house-cleaning-service-nyc/	200	text/html; charset=utf-8	1	1	1
/services/janitorial-office-cleaning-services-nyc/	200	text/html; charset=utf-8	1	1	1
/services/janitorial-services-nyc/	200	text/html; charset=utf-8	1	1	1
/services/janitorial-staffing-nyc/	200	text/html; charset=utf-8	1	1	1
/services/maintenance-staffing-nyc/	200	text/html; charset=utf-8	1	1	1
/services/office-commercial-cleaning-services-nyc/	200	text/html; charset=utf-8	1	1	1
/services/porter-services-nyc/	200	text/html; charset=utf-8	1	1	1
/services/property-cleaning-services-nyc/	200	text/html; charset=utf-8	1	1	1
/services/property-maintenance-services-nyc/	200	text/html; charset=utf-8	1	1	1
/services/sweeping-trash-nyc/	200	text/html; charset=utf-8	1	1	1
/spring-building-maintenance-checklist-for-new-york-city-properties/	200	text/html; charset=utf-8	1	1	1
/spring-cleaning-in-nyc-a-checklist-for-property-managers/	200	text/html; charset=utf-8	1	1	1
/the-benefits-of-day-porter-services-for-nyc-businesses/	200	text/html; charset=utf-8	1	1	1
/the-benefits-of-green-cleaning-for-your-new-york-business/	200	text/html; charset=utf-8	1	1	1
/the-benefits-of-outsourced-janitorial-services-for-your-business/	200	text/html; charset=utf-8	1	1	1
/the-cost-effectiveness-of-hiring-a-cleaning-service-for-your-nyc-business/	200	text/html; charset=utf-8	1	1	1
/the-difference-between-standard-cleaning-and-deep-cleaning-services/	200	text/html; charset=utf-8	1	1	1
/the-hidden-costs-of-neglecting-commercial-property-maintenance-in-nyc/	200	text/html; charset=utf-8	1	1	1
/the-hidden-costs-of-skipping-routine-commercial-maintenance/	200	text/html; charset=utf-8	1	1	1
/the-hidden-health-hazards-in-your-office-why-regular-cleaning-matters/	200	text/html; charset=utf-8	1	1	1
/the-hidden-health-hazards-of-a-dirty-office-why-regular-cleaning-matters/	200	text/html; charset=utf-8	1	1	1
/the-importance-of-cleaning-in-creating-a-professional-first-impression/	200	text/html; charset=utf-8	1	1	1
/the-importance-of-regular-commercial-cleaning-for-nyc-businesses/	200	text/html; charset=utf-8	1	1	1
/the-link-between-clean-workspaces-and-reduced-sick-days-2/	200	text/html; charset=utf-8	1	1	1
/the-link-between-clean-workspaces-and-reduced-sick-days/	200	text/html; charset=utf-8	1	1	1
/the-roi-of-professional-cleaning-services-for-commercial-properties/	200	text/html; charset=utf-8	1	1	1
/the-role-of-cleaning-in-maintaining-a-professional-business-image/	200	text/html; charset=utf-8	1	1	1
/the-ultimate-guide-to-apartment-cleaning-in-nyc-what-every-tenant-should-know/	200	text/html; charset=utf-8	1	1	1
/top-10-benefits-of-regular-commercial-building-maintenance-in-new-york-city/	200	text/html; charset=utf-8	1	1	1
/top-10-cleaning-tasks-that-every-commercial-space-should-prioritize-a-must-do-cleaning-checklist-for-offices-retail-spaces-and-industrial-sites/	200	text/html; charset=utf-8	1	1	1
/top-carpet-cleaning-tips-for-high-traffic-office-spaces/	200	text/html; charset=utf-8	1	1	1
/top-cleaning-challenges-for-nyc-restaurants-and-how-to-solve-them/	200	text/html; charset=utf-8	1	1	1
/top-germ-hotspots-in-nyc-commercial-buildings-nyc-cleaning-maintenance/	200	text/html; charset=utf-8	1	1	1
/top-reasons-your-nyc-building-needs-professional-common-area-cleaning/	200	text/html; charset=utf-8	1	1	1
/we-serve-new-york/	200	text/html; charset=utf-8	1	1	1
/what-to-expect-from-a-commercial-cleaning-service-a-step-by-step-guide/	200	text/html; charset=utf-8	1	1	1
/who-we-are/	200	text/html; charset=utf-8	1	1	1
/why-building-maintenance-shouldnt-be-put-off-in-a-city-like-nyc/	200	text/html; charset=utf-8	1	1	1
/why-building-repair-and-maintenance-shouldnt-be-put-off-in-a-city-like-nyc/	200	text/html; charset=utf-8	1	1	1
/why-eco-friendly-cleaning-solutions-matter-in-nyc-buildings/	200	text/html; charset=utf-8	1	1	1
/why-nyc-office-managers-choose-nyc-cleaning-and-maintenance/	200	text/html; charset=utf-8	1	1	1
/why-nyc-offices-should-schedule-deep-cleanings-during-flu-season/	200	text/html; charset=utf-8	1	1	1
/why-nyc-property-managers-need-reliable-porter-services/	200	text/html; charset=utf-8	1	1	1
/why-outsourcing-cleaning-and-maintenance-beats-managing-in-house-staff/	200	text/html; charset=utf-8	1	1	1
/why-professional-office-cleaning-matters-in-nyc/	200	text/html; charset=utf-8	1	1	1
/why-regular-maintenance-is-critical-for-your-nyc-building/	200	text/html; charset=utf-8	1	1	1
/why-regular-office-cleaning-is-crucial-for-productivity-and-employee-health/	200	text/html; charset=utf-8	1	1	1
/why-regular-window-cleaning-is-essential-for-your-business-image/	200	text/html; charset=utf-8	1	1	1
/winterization-tips-for-nyc-properties-avoid-costly-weather-damage/	200	text/html; charset=utf-8	1	1	1
